Sl_No,Brand_Category, Brand,Size_ML,LookColumn,Maximum_Retail_Price_per_case,Maximum_Retail_Price_per_bottle,Maximum_Retail_Price_per_bottle_OLD
1,Deluxe Prestige Brand,OFFICERS CHOICE PRESTIGE WHISKY,1000,(Deluxe Prestige Brand) -  OFFICERS CHOICE PRESTIGE WHISKY - 1000 ML,3387,376,340
2,Deluxe Prestige Brand,OFFICERS CHOICE PRESTIGE WHISKY,750,(Deluxe Prestige Brand) -  OFFICERS CHOICE PRESTIGE WHISKY - 750 ML,3387,282,255
3,Deluxe Prestige Brand,OFFICERS CHOICE PRESTIGE WHISKY,375,(Deluxe Prestige Brand) -  OFFICERS CHOICE PRESTIGE WHISKY - 375 ML,3387,141,127
4,Deluxe Prestige Brand,OFFICERS CHOICE PRESTIGE WHISKY,180,(Deluxe Prestige Brand) -  OFFICERS CHOICE PRESTIGE WHISKY - 180 ML,3387,71,64
5,Deluxe Prestige Brand,OLD MONK VERY OLD VATTED XXX DELUXE,750,(Deluxe Prestige Brand) -  OLD MONK VERY OLD VATTED XXX DELUXE - 750 ML,3387,282,255
6,Deluxe Premuim Brand,AC BLACK PURE GRAIN DELUXE WHISKY,750,(Deluxe Premuim Brand) -  AC BLACK PURE GRAIN DELUXE WHISKY - 750 ML,4323,360,326
7,Deluxe Premuim Brand,AC BLACK PURE GRAIN DELUXE WHISKY,375,(Deluxe Premuim Brand) -  AC BLACK PURE GRAIN DELUXE WHISKY - 375 ML,4323,180,163
8,Deluxe Premuim Brand,AC BLACK PURE GRAIN DELUXE WHISKY,180,(Deluxe Premuim Brand) -  AC BLACK PURE GRAIN DELUXE WHISKY - 180 ML,4323,90,82
9,Deluxe Premuim Brand,IICE BARE IT ALL VODKA PREMIUM,750,(Deluxe Premuim Brand) -  IICE BARE IT ALL VODKA PREMIUM - 750 ML,4244,354,320
10,Deluxe Premuim Brand,IICE BARE IT ALL VODKA PREMIUM,375,(Deluxe Premuim Brand) -  IICE BARE IT ALL VODKA PREMIUM - 375 ML,4252,177,160
11,Deluxe Premuim Brand,IICE BARE IT ALL VODKA PREMIUM,180,(Deluxe Premuim Brand) -  IICE BARE IT ALL VODKA PREMIUM - 180 ML,4261,89,80
12,Deluxe Premuim Brand,IMPERIAL BLUE SUPERIOR GRAIN WHISKY,750,(Deluxe Premuim Brand) -  IMPERIAL BLUE SUPERIOR GRAIN WHISKY - 750 ML,4323,360,326
13,Deluxe Premuim Brand,IMPERIAL BLUE SUPERIOR GRAIN WHISKY,375,(Deluxe Premuim Brand) -  IMPERIAL BLUE SUPERIOR GRAIN WHISKY - 375 ML,4323,180,163
14,Deluxe Premuim Brand,IMPERIAL BLUE SUPERIOR GRAIN WHISKY,180,(Deluxe Premuim Brand) -  IMPERIAL BLUE SUPERIOR GRAIN WHISKY - 180 ML,4323,90,82
15,Deluxe Premuim Brand,MC. DOWELLS NO.1 CELEBRATION MATURED XXX RUM,750,(Deluxe Premuim Brand) -  MC. DOWELLS NO.1 CELEBRATION MATURED XXX RUM - 750 ML,3760,313,280
16,Deluxe Premuim Brand,MC. DOWELLS NO.1 CELEBRATION MATURED XXX RUM,375,(Deluxe Premuim Brand) -  MC. DOWELLS NO.1 CELEBRATION MATURED XXX RUM - 375 ML,3754,156,140
17,Deluxe Premuim Brand,MC. DOWELLS NO.1 CELEBRATION MATURED XXX RUM,180,(Deluxe Premuim Brand) -  MC. DOWELLS NO.1 CELEBRATION MATURED XXX RUM - 180 ML,3749,78,70
18,Deluxe Premuim Brand,OFFICERS CHOICE BLUE PURE GRAIN WHISKY,750,(Deluxe Premuim Brand) -  OFFICERS CHOICE BLUE PURE GRAIN WHISKY - 750 ML,4323,360,326
19,Deluxe Premuim Brand,OFFICERS CHOICE BLUE PURE GRAIN WHISKY,375,(Deluxe Premuim Brand) -  OFFICERS CHOICE BLUE PURE GRAIN WHISKY - 375 ML,4323,180,163
20,Deluxe Premuim Brand,OFFICERS CHOICE BLUE PURE GRAIN WHISKY,180,(Deluxe Premuim Brand) -  OFFICERS CHOICE BLUE PURE GRAIN WHISKY - 180 ML,4323,90,82
21,Deluxe Premuim Brand,OLD MONK VERY OLD VATTED XXX RUM,750,(Deluxe Premuim Brand) -  OLD MONK VERY OLD VATTED XXX RUM - 750 ML,4211,351,317
22,Deluxe Premuim Brand,OLD MONK VERY OLD VATTED XXX RUM,375,(Deluxe Premuim Brand) -  OLD MONK VERY OLD VATTED XXX RUM - 375 ML,4211,175,159
23,Deluxe Premuim Brand,OLD MONK VERY OLD VATTED XXX RUM,180,(Deluxe Premuim Brand) -  OLD MONK VERY OLD VATTED XXX RUM - 180 ML,4211,88,79
24,Deluxe Premuim Brand,TRIPLE CROWN PREMIUM BLENDED BRANDY,750,(Deluxe Premuim Brand) -  TRIPLE CROWN PREMIUM BLENDED BRANDY - 750 ML,4211,351,317
25,Deluxe Premuim Brand,TRIPLE CROWN PREMIUM BLENDED BRANDY,375,(Deluxe Premuim Brand) -  TRIPLE CROWN PREMIUM BLENDED BRANDY - 375 ML,4211,175,159
26,Deluxe Premuim Brand,TRIPLE CROWN PREMIUM BLENDED BRANDY,180,(Deluxe Premuim Brand) -  TRIPLE CROWN PREMIUM BLENDED BRANDY - 180 ML,4211,88,79
27,Deluxe Premuim Brand,MC. DOWELLS NO.1 RESERVE WHISKY,750,(Deluxe Premuim Brand) -  MC. DOWELLS NO.1 RESERVE WHISKY - 750 ML,4323,360,326
28,Deluxe Premuim Brand,MC. DOWELLS NO.1 RESERVE WHISKY,375,(Deluxe Premuim Brand) -  MC. DOWELLS NO.1 RESERVE WHISKY - 375 ML,4323,180,163
29,Deluxe Premuim Brand,MC. DOWELLS NO.1 RESERVE WHISKY,180,(Deluxe Premuim Brand) -  MC. DOWELLS NO.1 RESERVE WHISKY - 180 ML,4323,90,82
30,Deluxe Premuim Brand,MC. DOWELLS NO.1 LUXURY PREMIUM WHISKY,750,(Deluxe Premuim Brand) -  MC. DOWELLS NO.1 LUXURY PREMIUM WHISKY - 750 ML,4323,360,326
31,Deluxe Premuim Brand,MC. DOWELLS NO.1 LUXURY PREMIUM WHISKY,375,(Deluxe Premuim Brand) -  MC. DOWELLS NO.1 LUXURY PREMIUM WHISKY - 375 ML,4323,180,163
32,Deluxe Premuim Brand,MC. DOWELLS NO.1 LUXURY PREMIUM WHISKY,180,(Deluxe Premuim Brand) -  MC. DOWELLS NO.1 LUXURY PREMIUM WHISKY - 180 ML,4323,90,82
33,Semi Premium Brand,BLACK BY BACARDI CLASSIC ORIGINAL PREMIUM CRAFTED RUM,750,(Semi Premium Brand) -  BLACK BY BACARDI CLASSIC ORIGINAL PREMIUM CRAFTED RUM - 750 ML,5835,486,430
34,Semi Premium Brand,BLACK BY BACARDI CLASSIC ORIGINAL PREMIUM CRAFTED RUM,375,(Semi Premium Brand) -  BLACK BY BACARDI CLASSIC ORIGINAL PREMIUM CRAFTED RUM - 375 ML,5948,248,220
35,Semi Premium Brand,BLACK BY BACARDI CLASSIC ORIGINAL PREMIUM CRAFTED RUM,180,(Semi Premium Brand) -  BLACK BY BACARDI CLASSIC ORIGINAL PREMIUM CRAFTED RUM - 180 ML,5958,124,110
36,Semi Premium Brand,IICE BITE THE APPLE VODKA PREMIUM,750,(Semi Premium Brand) -  IICE BITE THE APPLE VODKA PREMIUM - 750 ML,5403,450,410
37,Semi Premium Brand,IICE BITE THE APPLE VODKA PREMIUM,375,(Semi Premium Brand) -  IICE BITE THE APPLE VODKA PREMIUM - 375 ML,5515,230,210
38,Semi Premium Brand,IICE BITE THE APPLE VODKA PREMIUM,180,(Semi Premium Brand) -  IICE BITE THE APPLE VODKA PREMIUM - 180 ML,5751,120,110
39,Semi Premium Brand,M2 MAGIC MOMENTS PURE GRAIN VODKA,750,(Semi Premium Brand) -  M2 MAGIC MOMENTS PURE GRAIN VODKA - 750 ML,5231,436,396
40,Semi Premium Brand,M2 MAGIC MOMENTS PURE GRAIN VODKA,375,(Semi Premium Brand) -  M2 MAGIC MOMENTS PURE GRAIN VODKA - 375 ML,5231,218,198
41,Semi Premium Brand,M2 MAGIC MOMENTS PURE GRAIN VODKA,180,(Semi Premium Brand) -  M2 MAGIC MOMENTS PURE GRAIN VODKA - 180 ML,5231,109,99
42,Semi Premium Brand,M2 Magic Moments Remix Smooth Flavoured Vodka Green Apple,750,(Semi Premium Brand) -  M2 Magic Moments Remix Smooth Flavoured Vodka Green Apple - 750 ML,5763,480,440
43,Semi Premium Brand,M2 Magic Moments Remix Smooth Flavoured Vodka Green Apple,375,(Semi Premium Brand) -  M2 Magic Moments Remix Smooth Flavoured Vodka Green Apple - 375 ML,6005,250,230
44,Semi Premium Brand,M2 Magic Moments Remix Smooth Flavoured Vodka Green Apple,180,(Semi Premium Brand) -  M2 Magic Moments Remix Smooth Flavoured Vodka Green Apple - 180 ML,6484,135,125
45,Semi Premium Brand,M2 Magic Moments Remix Remix Chocolate Flavoured Vodka,750,(Semi Premium Brand) -  M2 Magic Moments Remix Remix Chocolate Flavoured Vodka - 750 ML,5958,497,440
46,Semi Premium Brand,M2 Magic Moments Remix Remix Chocolate Flavoured Vodka,375,(Semi Premium Brand) -  M2 Magic Moments Remix Remix Chocolate Flavoured Vodka - 375 ML,6198,258,230
47,Semi Premium Brand,M2 Magic Moments Remix Remix Chocolate Flavoured Vodka,180,(Semi Premium Brand) -  M2 Magic Moments Remix Remix Chocolate Flavoured Vodka - 180 ML,6679,139,125
48,Semi Premium Brand,OAKSMITH INTERNATIONAL BLENDED WHISKY,750,(Semi Premium Brand) -  OAKSMITH INTERNATIONAL BLENDED WHISKY - 750 ML,6558,547,490
49,Semi Premium Brand,OAKSMITH INTERNATIONAL BLENDED WHISKY,375,(Semi Premium Brand) -  OAKSMITH INTERNATIONAL BLENDED WHISKY - 375 ML,6678,278,250
50,Semi Premium Brand,OAKSMITH INTERNATIONAL BLENDED WHISKY,180,(Semi Premium Brand) -  OAKSMITH INTERNATIONAL BLENDED WHISKY - 180 ML,6458,135,120
51,Semi Premium Brand,ROYAL CHALLENGE FINEST PREMIUM WHISKY,750,(Semi Premium Brand) -  ROYAL CHALLENGE FINEST PREMIUM WHISKY - 750 ML,5572,464,424
52,Semi Premium Brand,ROYAL CHALLENGE FINEST PREMIUM WHISKY,375,(Semi Premium Brand) -  ROYAL CHALLENGE FINEST PREMIUM WHISKY - 375 ML,5692,237,217
53,Semi Premium Brand,ROYAL CHALLENGE FINEST PREMIUM WHISKY,180,(Semi Premium Brand) -  ROYAL CHALLENGE FINEST PREMIUM WHISKY - 180 ML,5758,120,110
54,Semi Premium Brand,ROYAL GREEN DELUXE BLENDED WHISKY,750,(Semi Premium Brand) -  ROYAL GREEN DELUXE BLENDED WHISKY - 750 ML,5772,481,424
55,Semi Premium Brand,ROYAL GREEN DELUXE BLENDED WHISKY,375,(Semi Premium Brand) -  ROYAL GREEN DELUXE BLENDED WHISKY - 375 ML,5878,245,217
56,Semi Premium Brand,ROYAL GREEN DELUXE BLENDED WHISKY,180,(Semi Premium Brand) -  ROYAL GREEN DELUXE BLENDED WHISKY - 180 ML,5981,125,110
57,Semi Premium Brand,ROYAL STAG BARREL SELECT WHISKY,750,(Semi Premium Brand) -  ROYAL STAG BARREL SELECT WHISKY - 750 ML,6557,546,490
58,Semi Premium Brand,ROYAL STAG BARREL SELECT WHISKY,375,(Semi Premium Brand) -  ROYAL STAG BARREL SELECT WHISKY - 375 ML,6681,278,250
59,Semi Premium Brand,ROYAL STAG BARREL SELECT WHISKY,180,(Semi Premium Brand) -  ROYAL STAG BARREL SELECT WHISKY - 180 ML,6679,139,125
60,Semi Premium Brand,ROYAL STAG BLENDED WHISKY,750,(Semi Premium Brand) -  ROYAL STAG BLENDED WHISKY - 750 ML,5572,464,424
61,Semi Premium Brand,ROYAL STAG BLENDED WHISKY,375,(Semi Premium Brand) -  ROYAL STAG BLENDED WHISKY - 375 ML,5692,237,217
62,Semi Premium Brand,ROYAL STAG BLENDED WHISKY,180,(Semi Premium Brand) -  ROYAL STAG BLENDED WHISKY - 180 ML,5764,120,110
63,Semi Premium Brand,STERLING RESERVE B7 RARE BLENDED WHISKY,750,(Semi Premium Brand) -  STERLING RESERVE B7 RARE BLENDED WHISKY - 750 ML,5571,464,424
64,Semi Premium Brand,STERLING RESERVE B7 RARE BLENDED WHISKY,375,(Semi Premium Brand) -  STERLING RESERVE B7 RARE BLENDED WHISKY - 375 ML,5691,237,217
65,Semi Premium Brand,STERLING RESERVE B7 RARE BLENDED WHISKY,180,(Semi Premium Brand) -  STERLING RESERVE B7 RARE BLENDED WHISKY - 180 ML,5763,120,110
66,Premium Brand,AMRUT PRESTIGE BLENDED MALT WHISKY,750,(Premium Brand) -  AMRUT PRESTIGE BLENDED MALT WHISKY - 750 ML,8942,745,678
67,Premium Brand,BACARDI CARTA BLANCA DELUXE SUPERIOR WHITE RUM,750,(Premium Brand) -  BACARDI CARTA BLANCA DELUXE SUPERIOR WHITE RUM - 750 ML,8844,737,670
68,Premium Brand,BACARDI CARTA BLANCA DELUXE SUPERIOR WHITE RUM,375,(Premium Brand) -  BACARDI CARTA BLANCA DELUXE SUPERIOR WHITE RUM - 375 ML,8850,369,335
69,Premium Brand,BACARDI CARTA BLANCA DELUXE SUPERIOR WHITE RUM,180,(Premium Brand) -  BACARDI CARTA BLANCA DELUXE SUPERIOR WHITE RUM - 180 ML,9121,190,173
70,Premium Brand,BACARDI LIMON DELUXE ORIGINAL CITRUS RUM,750,(Premium Brand) -  BACARDI LIMON DELUXE ORIGINAL CITRUS RUM - 750 ML,9182,765,698
71,Premium Brand,BACARDI LIMON DELUXE ORIGINAL CITRUS RUM,375,(Premium Brand) -  BACARDI LIMON DELUXE ORIGINAL CITRUS RUM - 375 ML,9201,383,350
72,Premium Brand,BACARDI LIMON DELUXE ORIGINAL CITRUS RUM,180,(Premium Brand) -  BACARDI LIMON DELUXE ORIGINAL CITRUS RUM - 180 ML,9201,192,175
73,Premium Brand,BEJOIS V.S.O.P. BLENDED GRAPE BRANDY,750,(Premium Brand) -  BEJOIS V.S.O.P. BLENDED GRAPE BRANDY - 750 ML,8939,745,678
74,Premium Brand,BLENDERS PRIDE SELECT PREMIUM WHISKY,750,(Premium Brand) -  BLENDERS PRIDE SELECT PREMIUM WHISKY - 750 ML,9008,751,700
75,Premium Brand,BLENDERS PRIDE SELECT PREMIUM WHISKY,375,(Premium Brand) -  BLENDERS PRIDE SELECT PREMIUM WHISKY - 375 ML,9008,375,350
76,Premium Brand,BLENDERS PRIDE SELECT PREMIUM WHISKY,180,(Premium Brand) -  BLENDERS PRIDE SELECT PREMIUM WHISKY - 180 ML,8960,187,174
77,Premium Brand,MAQINTOSH PREMIUM WHISKY,750,(Premium Brand) -  MAQINTOSH PREMIUM WHISKY - 750 ML,9508,792,725
78,Premium Brand,MORPHEUS XO BLENDED PREMIUM BRANDY,750,(Premium Brand) -  MORPHEUS XO BLENDED PREMIUM BRANDY - 750 ML,8636,720,653
79,Premium Brand,MORPHEUS XO BLENDED PREMIUM BRANDY,375,(Premium Brand) -  MORPHEUS XO BLENDED PREMIUM BRANDY - 375 ML,8691,362,329
80,Premium Brand,MORPHEUS XO BLENDED PREMIUM BRANDY,180,(Premium Brand) -  MORPHEUS XO BLENDED PREMIUM BRANDY - 180 ML,8713,182,165
81,Premium Brand,OAKSMITH GOLD INTERNATIONAL BLENDED WHISKY,750,(Premium Brand) -  OAKSMITH GOLD INTERNATIONAL BLENDED WHISKY - 750 ML,9923,827,760
82,Premium Brand,OAKSMITH GOLD INTERNATIONAL BLENDED WHISKY,375,(Premium Brand) -  OAKSMITH GOLD INTERNATIONAL BLENDED WHISKY - 375 ML,9923,413,380
83,Premium Brand,OAKSMITH GOLD INTERNATIONAL BLENDED WHISKY,180,(Premium Brand) -  OAKSMITH GOLD INTERNATIONAL BLENDED WHISKY - 180 ML,9923,207,190
84,Premium Brand,OLD PORT DELUXE MATURED RUM,750,(Premium Brand) -  OLD PORT DELUXE MATURED RUM - 750 ML,9395,783,716
85,Premium Brand,ROCKFORD CLASSIC FINEST BLENDED WHISKY,750,(Premium Brand) -  ROCKFORD CLASSIC FINEST BLENDED WHISKY - 750 ML,9203,767,700
86,Premium Brand,ROCKFORD CLASSIC FINEST BLENDED WHISKY,375,(Premium Brand) -  ROCKFORD CLASSIC FINEST BLENDED WHISKY - 375 ML,9203,383,350
87,Premium Brand,ROCKFORD CLASSIC FINEST BLENDED WHISKY,180,(Premium Brand) -  ROCKFORD CLASSIC FINEST BLENDED WHISKY - 180 ML,9203,192,175
88,Premium Brand,ROYAL CHALLENGE AMERICAN PRIDE GOLD BLEND WHISKY,750,(Premium Brand) -  ROYAL CHALLENGE AMERICAN PRIDE GOLD BLEND WHISKY - 750 ML,9805,817,750
89,Premium Brand,ROYAL CHALLENGE AMERICAN PRIDE GOLD BLEND WHISKY,180,(Premium Brand) -  ROYAL CHALLENGE AMERICAN PRIDE GOLD BLEND WHISKY - 180 ML,9925,207,190
90,Premium Brand,SIGNATURE PREMIER GRAIN WHISKY,750,(Premium Brand) -  SIGNATURE PREMIER GRAIN WHISKY - 750 ML,9007,751,700
91,Premium Brand,SIGNATURE PREMIER GRAIN WHISKY,375,(Premium Brand) -  SIGNATURE PREMIER GRAIN WHISKY - 375 ML,8996,375,350
92,Premium Brand,SIGNATURE PREMIER GRAIN WHISKY,180,(Premium Brand) -  SIGNATURE PREMIER GRAIN WHISKY - 180 ML,8972,187,174
93,Premium Brand,SMIRNOFF GREEN APPLE TRIPLE DISTILLED VODKA,750,(Premium Brand) -  SMIRNOFF GREEN APPLE TRIPLE DISTILLED VODKA - 750 ML,9989,832,765
94,Premium Brand,SMIRNOFF GREEN APPLE TRIPLE DISTILLED VODKA,180,(Premium Brand) -  SMIRNOFF GREEN APPLE TRIPLE DISTILLED VODKA - 180 ML,10002,208,192
95,Premium Brand,SMIRNOFF TRIPLE DISTILLED VODKA,750,(Premium Brand) -  SMIRNOFF TRIPLE DISTILLED VODKA - 750 ML,9200,767,700
96,Premium Brand,SMIRNOFF TRIPLE DISTILLED VODKA,375,(Premium Brand) -  SMIRNOFF TRIPLE DISTILLED VODKA - 375 ML,9198,383,350
97,Premium Brand,SMIRNOFF TRIPLE DISTILLED VODKA,180,(Premium Brand) -  SMIRNOFF TRIPLE DISTILLED VODKA - 180 ML,9600,200,183
98,Premium Brand,TICKLE INTENSE DISTILLED DRY GIN,750,(Premium Brand) -  TICKLE INTENSE DISTILLED DRY GIN - 750 ML,9929,827,760
99,Premium Brand,WHISTLER BARREL AGED BLENDED MALT WHISKY,750,(Premium Brand) -  WHISTLER BARREL AGED BLENDED MALT WHISKY - 750 ML,9707,809,742
100,Premium Brand,WHISTLER BARREL AGED BLENDED MALT WHISKY,375,(Premium Brand) -  WHISTLER BARREL AGED BLENDED MALT WHISKY - 375 ML,9707,404,371
101,Premium Brand,WHISTLER BARREL AGED BLENDED MALT WHISKY,180,(Premium Brand) -  WHISTLER BARREL AGED BLENDED MALT WHISKY - 180 ML,9731,203,186
102,Premium Brand,OAKEN GLOW PREMIUM WHISKY,750,(Premium Brand) -  OAKEN GLOW PREMIUM WHISKY - 750 ML,8431,703,594
103,Premium Brand,OAKEN GLOW PREMIUM WHISKY,375,(Premium Brand) -  OAKEN GLOW PREMIUM WHISKY - 375 ML,8431,351,297
104,Premium Brand,OAKEN GLOW PREMIUM WHISKY,180,(Premium Brand) -  OAKEN GLOW PREMIUM WHISKY - 180 ML,8443,176,149
105,Premium Brand,SIGNATURE RARE AGED WHISKY,750,(Premium Brand) -  SIGNATURE RARE AGED WHISKY - 750 ML,7989,666,573
106,Premium Brand,SIGNATURE RARE AGED WHISKY,375,(Premium Brand) -  SIGNATURE RARE AGED WHISKY - 375 ML,7989,333,287
107,Premium Brand,SIGNATURE RARE AGED WHISKY,180,(Premium Brand) -  SIGNATURE RARE AGED WHISKY - 180 ML,7989,166,143
108,Super Premium Brand,100 PIPERS BLENDED SCOTCH WHISKY AGED 12 YEARS,750,(Super Premium Brand) -  100 PIPERS BLENDED SCOTCH WHISKY AGED 12 YEARS - 750 ML,25365,2114,2070
109,Super Premium Brand,100 PIPERS DELUXE BLENDED SCOTCH WHISKY,750,(Super Premium Brand) -  100 PIPERS DELUXE BLENDED SCOTCH WHISKY - 750 ML,18151,1513,1444
110,Super Premium Brand,100 PIPERS DELUXE BLENDED SCOTCH WHISKY,375,(Super Premium Brand) -  100 PIPERS DELUXE BLENDED SCOTCH WHISKY - 375 ML,18151,756,722
111,Super Premium Brand,100 PIPERS DELUXE BLENDED SCOTCH WHISKY,180,(Super Premium Brand) -  100 PIPERS DELUXE BLENDED SCOTCH WHISKY - 180 ML,18151,378,361
112,Super Premium Brand,AMRUT AMALGAM MALT WHISKY,750,(Super Premium Brand) -  AMRUT AMALGAM MALT WHISKY - 750 ML,37863,3155,3139
113,Super Premium Brand,AMRUT AMALGAM PEATED MALT WHISKY,750,(Super Premium Brand) -  AMRUT AMALGAM PEATED MALT WHISKY - 750 ML,40299,3358,3342
114,Super Premium Brand,AMRUT FUSION SINGLE MALT WHISKY,750,(Super Premium Brand) -  AMRUT FUSION SINGLE MALT WHISKY - 750 ML,45543,3795,3779
115,Super Premium Brand,AMRUT TWO INDIES RUM,750,(Super Premium Brand) -  AMRUT TWO INDIES RUM - 750 ML,15471,1289,1221
116,Super Premium Brand,ANTIQUITY BLUE ULTRA PREMIUM WHISKY,750,(Super Premium Brand) -  ANTIQUITY BLUE ULTRA PREMIUM WHISKY - 750 ML,10701,892,840
117,Super Premium Brand,ANTIQUITY BLUE ULTRA PREMIUM WHISKY,375,(Super Premium Brand) -  ANTIQUITY BLUE ULTRA PREMIUM WHISKY - 375 ML,10700,446,420
118,Super Premium Brand,ANTIQUITY BLUE ULTRA PREMIUM WHISKY,180,(Super Premium Brand) -  ANTIQUITY BLUE ULTRA PREMIUM WHISKY - 180 ML,10794,225,212
119,Super Premium Brand,BLACK AND WHITE BLENDED SCOTCH WHISKY,750,(Super Premium Brand) -  BLACK AND WHITE BLENDED SCOTCH WHISKY - 750 ML,18151,1513,1444
120,Super Premium Brand,BLACK AND WHITE BLENDED SCOTCH WHISKY,180,(Super Premium Brand) -  BLACK AND WHITE BLENDED SCOTCH WHISKY - 180 ML,18226,380,363
121,Super Premium Brand,BLACK DOG TRIPLE GOLD RESERVE BLENDED SCOTCH WHISKY,750,(Super Premium Brand) -  BLACK DOG TRIPLE GOLD RESERVE BLENDED SCOTCH WHISKY - 750 ML,23844,1987,1925
122,Super Premium Brand,BLACK DOG TRIPLE GOLD RESERVE BLENDED SCOTCH WHISKY,375,(Super Premium Brand) -  BLACK DOG TRIPLE GOLD RESERVE BLENDED SCOTCH WHISKY - 375 ML,23844,993,962
123,Super Premium Brand,BLACK DOG TRIPLE GOLD RESERVE BLENDED SCOTCH WHISKY,180,(Super Premium Brand) -  BLACK DOG TRIPLE GOLD RESERVE BLENDED SCOTCH WHISKY - 180 ML,24071,501,487
124,Super Premium Brand,BLENDERS PRIDE RESERVE COLLECTION WHISKY,750,(Super Premium Brand) -  BLENDERS PRIDE RESERVE COLLECTION WHISKY - 750 ML,10899,908,840
125,Super Premium Brand,BLENDERS PRIDE RESERVE COLLECTION WHISKY,375,(Super Premium Brand) -  BLENDERS PRIDE RESERVE COLLECTION WHISKY - 375 ML,10899,454,420
126,Super Premium Brand,BLENDERS PRIDE RESERVE COLLECTION WHISKY,180,(Super Premium Brand) -  BLENDERS PRIDE RESERVE COLLECTION WHISKY - 180 ML,10899,227,210
127,Super Premium Brand,CAMIKARA RUM CASK 3YO AGED,750,(Super Premium Brand) -  CAMIKARA RUM CASK 3YO AGED - 750 ML,25774,2148,2110
128,Super Premium Brand,COTOMBI RESERVE CHARRED WHISKY,750,(Super Premium Brand) -  COTOMBI RESERVE CHARRED WHISKY - 750 ML,16422,1369,1300
129,Super Premium Brand,DEWARS BLENDED SCOTCH WHISKY WHITE LABEL SUPER PREMIUM,750,(Super Premium Brand) -  DEWARS BLENDED SCOTCH WHISKY WHITE LABEL SUPER PREMIUM - 750 ML,19437,1620,1551
130,Super Premium Brand,DEWARS BLENDED SCOTCH WHISKY WHITE LABEL SUPER PREMIUM,375,(Super Premium Brand) -  DEWARS BLENDED SCOTCH WHISKY WHITE LABEL SUPER PREMIUM - 375 ML,19437,810,776
131,Super Premium Brand,DEWARS BLENDED SCOTCH WHISKY WHITE LABEL SUPER PREMIUM,180,(Super Premium Brand) -  DEWARS BLENDED SCOTCH WHISKY WHITE LABEL SUPER PREMIUM - 180 ML,19460,405,388
132,Super Premium Brand,ENSO JAPANESE WHISKY,750,(Super Premium Brand) -  ENSO JAPANESE WHISKY - 750 ML,48195,4016,4000
133,Super Premium Brand,GILMORE SELECT WHISKY,750,(Super Premium Brand) -  GILMORE SELECT WHISKY - 750 ML,11984,999,930
134,Super Premium Brand,INDRI SINGLE MALT INDIAN WHISKY,750,(Super Premium Brand) -  INDRI SINGLE MALT INDIAN WHISKY - 750 ML,45795,3816,3800
135,Super Premium Brand,JAMUN THE HIMALAYAN JUNIPER DRY GIN,750,(Super Premium Brand) -  JAMUN THE HIMALAYAN JUNIPER DRY GIN - 750 ML,38594,3216,3200
136,Super Premium Brand,JAZZ BLUE CURACAO VODKA,750,(Super Premium Brand) -  JAZZ BLUE CURACAO VODKA - 750 ML,13061,1088,1020
137,Super Premium Brand,JIM BEAM KENTUCKY STRAIGHT BOURBON WHISKEY,750,(Super Premium Brand) -  JIM BEAM KENTUCKY STRAIGHT BOURBON WHISKEY - 750 ML,23021,1918,1850
138,Super Premium Brand,JIM BEAM KENTUCKY STRAIGHT BOURBON WHISKEY,180,(Super Premium Brand) -  JIM BEAM KENTUCKY STRAIGHT BOURBON WHISKEY - 180 ML,22900,477,460
139,Super Premium Brand,MAQINTOSH SILVER EDITION WHISKY,750,(Super Premium Brand) -  MAQINTOSH SILVER EDITION WHISKY - 750 ML,12411,1034,966
140,Super Premium Brand,TEACHERS 50 BLENDED SCOTCH WHISKY,750,(Super Premium Brand) -  TEACHERS 50 BLENDED SCOTCH WHISKY - 750 ML,25050,2087,2040
141,Super Premium Brand,TEACHERS 50 BLENDED SCOTCH WHISKY,375,(Super Premium Brand) -  TEACHERS 50 BLENDED SCOTCH WHISKY - 375 ML,25050,1044,1020
142,Super Premium Brand,TEACHERS 50 BLENDED SCOTCH WHISKY,180,(Super Premium Brand) -  TEACHERS 50 BLENDED SCOTCH WHISKY - 180 ML,25884,539,530
143,Super Premium Brand,TEACHERS GOLDEN THISTLE BLENDED SCOTCH WHISKY,750,(Super Premium Brand) -  TEACHERS GOLDEN THISTLE BLENDED SCOTCH WHISKY - 750 ML,33436,2786,2770
144,Super Premium Brand,TEACHERS HIGHLAND CREAM BLENDED SCOTCH WHISKY,1000,(Super Premium Brand) -  TEACHERS HIGHLAND CREAM BLENDED SCOTCH WHISKY - 1000 ML,17470,1941,1850
145,Super Premium Brand,TEACHERS HIGHLAND CREAM BLENDED SCOTCH WHISKY,750,(Super Premium Brand) -  TEACHERS HIGHLAND CREAM BLENDED SCOTCH WHISKY - 750 ML,17740,1478,1410
146,Super Premium Brand,TEACHERS HIGHLAND CREAM BLENDED SCOTCH WHISKY,375,(Super Premium Brand) -  TEACHERS HIGHLAND CREAM BLENDED SCOTCH WHISKY - 375 ML,18341,764,730
147,Super Premium Brand,TEACHERS HIGHLAND CREAM BLENDED SCOTCH WHISKY,180,(Super Premium Brand) -  TEACHERS HIGHLAND CREAM BLENDED SCOTCH WHISKY - 180 ML,18581,387,370
148,Super Premium Brand,TEACHERS HIGHLAND CREAM RESERVE BLENDED SCOTCH WHISKY,750,(Super Premium Brand) -  TEACHERS HIGHLAND CREAM RESERVE BLENDED SCOTCH WHISKY - 750 ML,20020,1668,1600
149,Super Premium Brand,TEACHERS HIGHLAND CREAM RESERVE BLENDED SCOTCH WHISKY,375,(Super Premium Brand) -  TEACHERS HIGHLAND CREAM RESERVE BLENDED SCOTCH WHISKY - 375 ML,20861,869,835
150,Super Premium Brand,TEACHERS HIGHLAND CREAM RESERVE BLENDED SCOTCH WHISKY,180,(Super Premium Brand) -  TEACHERS HIGHLAND CREAM RESERVE BLENDED SCOTCH WHISKY - 180 ML,20981,437,420
151,Super Premium Brand,THE ROCK FORD RESERVE FINE & RARE WHISKY,750,(Super Premium Brand) -  THE ROCK FORD RESERVE FINE & RARE WHISKY - 750 ML,10899,908,840
152,Super Premium Brand,THE ROCK FORD RESERVE FINE & RARE WHISKY,375,(Super Premium Brand) -  THE ROCK FORD RESERVE FINE & RARE WHISKY - 375 ML,10900,454,420
153,Super Premium Brand,THE ROCK FORD RESERVE FINE & RARE WHISKY,180,(Super Premium Brand) -  THE ROCK FORD RESERVE FINE & RARE WHISKY - 180 ML,10900,227,210
154,Super Premium Brand,THE SOLAN GOLD INDIAN SINGLE MALT WHISKY,750,(Super Premium Brand) -  THE SOLAN GOLD INDIAN SINGLE MALT WHISKY - 750 ML,36191,3016,3000
155,Super Premium Brand,TI CONNIE COFFEE LIQUEUR,750,(Super Premium Brand) -  TI CONNIE COFFEE LIQUEUR - 750 ML,13061,1088,1020
156,Super Premium Brand,TI CONNIE PEACH LIQUEUR,750,(Super Premium Brand) -  TI CONNIE PEACH LIQUEUR - 750 ML,13061,1088,1020
157,Super Premium Brand,TI CONNIE SAMBUCA LIQUEUR,750,(Super Premium Brand) -  TI CONNIE SAMBUCA LIQUEUR - 750 ML,13063,1089,1020
158,Super Premium Brand,TI CONNIE TRIPLE SEC LIQUEUR,750,(Super Premium Brand) -  TI CONNIE TRIPLE SEC LIQUEUR - 750 ML,13065,1089,1020
159,Super Premium Brand,VAT 69 BLENDED SCOTCH WHISKY,750,(Super Premium Brand) -  VAT 69 BLENDED SCOTCH WHISKY - 750 ML,16938,1411,1343
160,Super Premium Brand,VAT 69 BLENDED SCOTCH WHISKY,375,(Super Premium Brand) -  VAT 69 BLENDED SCOTCH WHISKY - 375 ML,16938,706,672
161,Super Premium Brand,VAT 69 BLENDED SCOTCH WHISKY,180,(Super Premium Brand) -  VAT 69 BLENDED SCOTCH WHISKY - 180 ML,17169,358,341
162,Super Premium Brand,WILLIAM LAWSONS BLENDED SCOTCH WHISKY SUPER PREMIUM,750,(Super Premium Brand) -  WILLIAM LAWSONS BLENDED SCOTCH WHISKY SUPER PREMIUM - 750 ML,16415,1368,1300
163,Super Premium Brand,WILLIAM LAWSONS BLENDED SCOTCH WHISKY SUPER PREMIUM,375,(Super Premium Brand) -  WILLIAM LAWSONS BLENDED SCOTCH WHISKY SUPER PREMIUM - 375 ML,16429,685,650
164,Super Premium Brand,WILLIAM LAWSONS BLENDED SCOTCH WHISKY SUPER PREMIUM,180,(Super Premium Brand) -  WILLIAM LAWSONS BLENDED SCOTCH WHISKY SUPER PREMIUM - 180 ML,16402,342,325
165,Wine,AMORA RED WINE,750,(Wine) -  AMORA RED WINE - 750 ML,6370,531,515
166,Wine,AMORA WHITE WINE,750,(Wine) -  AMORA WHITE WINE - 750 ML,6370,531,515
167,Wine,BRO CODE CRAFTED BRUT,375,(Wine) -  BRO CODE CRAFTED BRUT - 375 ML,4275,178,170
168,Wine,BROSE VIBE BRUT ROSE,330,(Wine) -  BROSE VIBE BRUT ROSE - 330 ML,4275,178,170
169,Wine,CHANDON BRUT WINE,750,(Wine) -  CHANDON BRUT WINE - 750 ML,29119,2427,2410
170,Wine,CHANDON ROSE WINE,750,(Wine) -  CHANDON ROSE WINE - 750 ML,29119,2427,2410
171,Wine,CRYSTAL RED PORT WINE,750,(Wine) -  CRYSTAL RED PORT WINE - 750 ML,3114,260,260
172,Wine,CRYSTAL RED PORT WINE,375,(Wine) -  CRYSTAL RED PORT WINE - 375 ML,3114,130,130
173,Wine,DIA RED WINE SPARKLER,750,(Wine) -  DIA RED WINE SPARKLER - 750 ML,6367,531,514
174,Wine,DIA WHITE WINE SPARKLER,750,(Wine) -  DIA WHITE WINE SPARKLER - 750 ML,6367,531,514
175,Wine,FOUR SEASONS BARRIQUE RESERVE OAK AGED SHIRAZ,750,(Wine) -  FOUR SEASONS BARRIQUE RESERVE OAK AGED SHIRAZ - 750 ML,13250,1104,1088
176,Wine,FOUR SEASONS CLASSICS CHENIN BLANC,750,(Wine) -  FOUR SEASONS CLASSICS CHENIN BLANC - 750 ML,7457,621,605
177,Wine,FOUR SEASONS CLASSICS CHENIN BLANC,375,(Wine) -  FOUR SEASONS CLASSICS CHENIN BLANC - 375 ML,8811,367,359
178,Wine,FOUR SEASONS CLASSICS SHIRAZ,750,(Wine) -  FOUR SEASONS CLASSICS SHIRAZ - 750 ML,8792,733,716
179,Wine,FOUR SEASONS CLASSICS SHIRAZ,375,(Wine) -  FOUR SEASONS CLASSICS SHIRAZ - 375 ML,10152,423,415
180,Wine,FRATELLI WINES CABERNET FRANC SHIRAZ,750,(Wine) -  FRATELLI WINES CABERNET FRANC SHIRAZ - 750 ML,12195,1016,1000
181,Wine,FRATELLI WINES CLASSIC CHENIN,750,(Wine) -  FRATELLI WINES CLASSIC CHENIN - 750 ML,10395,866,850
182,Wine,FRATELLI WINES CLASSIC MERLOT,750,(Wine) -  FRATELLI WINES CLASSIC MERLOT - 750 ML,12195,1016,1000
183,Wine,FRATELLI WINES CLASSIC SHIRAZ,750,(Wine) -  FRATELLI WINES CLASSIC SHIRAZ - 750 ML,10395,866,850
184,Wine,FRATELLI WINES CLASSIC SHIRAZ,375,(Wine) -  FRATELLI WINES CLASSIC SHIRAZ - 375 ML,10755,448,440
185,Wine,FRATELLI WINES SETTE,750,(Wine) -  FRATELLI WINES SETTE - 750 ML,26595,2216,2200
186,Wine,GOLCONDA PREMIUM SWEET RED WINE (PET),750,(Wine) -  GOLCONDA PREMIUM SWEET RED WINE (PET) - 750 ML,3905,325,309
187,Wine,GROVER ART COLLECTION CHENIN BLANC WHITE WINE,750,(Wine) -  GROVER ART COLLECTION CHENIN BLANC WHITE WINE - 750 ML,9275,773,757
188,Wine,GROVER ART COLLECTION SHIRAZ RED WINE,750,(Wine) -  GROVER ART COLLECTION SHIRAZ RED WINE - 750 ML,9900,825,809
189,Wine,GROVER LA RESERVE  RED WINE,750,(Wine) -  GROVER LA RESERVE  RED WINE - 750 ML,13306,1109,1093
190,Wine,KYRA PREMIUM RED WINE,750,(Wine) -  KYRA PREMIUM RED WINE - 750 ML,6915,576,560
191,Wine,KYRA PREMIUM RED WINE,375,(Wine) -  KYRA PREMIUM RED WINE - 375 ML,7155,298,290
192,Wine,KYRA PREMIUM WHITE WINE,750,(Wine) -  KYRA PREMIUM WHITE WINE - 750 ML,6915,576,560
193,Wine,KYRA PREMIUM WHITE WINE,375,(Wine) -  KYRA PREMIUM WHITE WINE - 375 ML,7087,295,287
194,Wine,MADERA RED WINE,750,(Wine) -  MADERA RED WINE - 750 ML,6800,567,550
195,Wine,MOSSO GOLD SWEET PEACH WINE,750,(Wine) -  MOSSO GOLD SWEET PEACH WINE - 750 ML,6675,556,540
196,Wine,MOSSO GOLD SWEET PEACH WINE,375,(Wine) -  MOSSO GOLD SWEET PEACH WINE - 375 ML,6915,288,280
197,Wine,NOI SPARKLING,750,(Wine) -  NOI SPARKLING - 750 ML,16995,1416,1400
198,Wine,NOI SPARKLING ROSE,750,(Wine) -  NOI SPARKLING ROSE - 750 ML,16995,1416,1400
199,Wine,NORPHEL APPLE WINE,750,(Wine) -  NORPHEL APPLE WINE - 750 ML,5595,466,450
200,Wine,NORPHEL APPLE WINE,375,(Wine) -  NORPHEL APPLE WINE - 375 ML,6195,258,250
201,Wine,NORPHEL HONEY GINGER WINE,750,(Wine) -  NORPHEL HONEY GINGER WINE - 750 ML,6195,516,500
202,Wine,NORPHEL KIWI WINE,750,(Wine) -  NORPHEL KIWI WINE - 750 ML,9195,766,750
203,Wine,RAVEN RED WINE,750,(Wine) -  RAVEN RED WINE - 750 ML,6553,546,530
204,Wine,ROSE MARY ROSSO SPICED WINE,750,(Wine) -  ROSE MARY ROSSO SPICED WINE - 750 ML,6438,536,520
205,Wine,ROYAL BIG MASTER PERFECT FRUIT DRY RED WINE,750,(Wine) -  ROYAL BIG MASTER PERFECT FRUIT DRY RED WINE - 750 ML,7512,626,610
206,Wine,ROYAL BIG MASTER PERFECT FRUIT DRY WHITE WINE,750,(Wine) -  ROYAL BIG MASTER PERFECT FRUIT DRY WHITE WINE - 750 ML,7512,626,610
207,Wine,ROYAL BIG MASTER PERFECT FRUIT SWEET RED WINE,750,(Wine) -  ROYAL BIG MASTER PERFECT FRUIT SWEET RED WINE - 750 ML,6978,582,565
208,Wine,ROYAL BIG MASTER PERFECT FRUIT SWEET WHITE WINE,750,(Wine) -  ROYAL BIG MASTER PERFECT FRUIT SWEET WHITE WINE - 750 ML,6978,582,565
209,Wine,SAN ANDRE VINHO PORTO WINE,750,(Wine) -  SAN ANDRE VINHO PORTO WINE - 750 ML,3114,260,260
210,Wine,SAN ANDRE VINHO PORTO WINE,375,(Wine) -  SAN ANDRE VINHO PORTO WINE - 375 ML,3114,130,130
211,Wine,SANTA BARBARA PORT WINE,750,(Wine) -  SANTA BARBARA PORT WINE - 750 ML,3114,260,260
212,Wine,SANTA BARBARA PORT WINE,375,(Wine) -  SANTA BARBARA PORT WINE - 375 ML,3114,130,130
213,Wine,SANTA CRUZ PORT WINE,750,(Wine) -  SANTA CRUZ PORT WINE - 750 ML,4128,344,328
214,Wine,SANTA CRUZ PORT WINE (PET),375,(Wine) -  SANTA CRUZ PORT WINE (PET) - 375 ML,4685,195,187
215,Wine,SIDUS PREMIUM PORT WINE,750,(Wine) -  SIDUS PREMIUM PORT WINE - 750 ML,5355,446,430
216,Wine,SIDUS PREMIUM PORT WINE,375,(Wine) -  SIDUS PREMIUM PORT WINE - 375 ML,5715,238,230
217,Wine,SULA SECO,750,(Wine) -  SULA SECO - 750 ML,9271,773,756
218,Wine,SULA TROPICALE ROSE,750,(Wine) -  SULA TROPICALE ROSE - 750 ML,17679,1473,1457
219,Wine,SULA VINEYARDS CHENIN BLANC,750,(Wine) -  SULA VINEYARDS CHENIN BLANC - 750 ML,9271,773,756
220,Wine,SULA VINEYARDS SHIRAZ CABERNET,750,(Wine) -  SULA VINEYARDS SHIRAZ CABERNET - 750 ML,10983,915,899
221,Wine,SULA VINEYARDS SHIRAZ CABERNET,375,(Wine) -  SULA VINEYARDS SHIRAZ CABERNET - 375 ML,12199,508,500
222,Wine,SULA VINEYARDS ZINFANDEL ROSE,750,(Wine) -  SULA VINEYARDS ZINFANDEL ROSE - 750 ML,9271,773,756
223,Wine,TILT BUBBLY,250,(Wine) -  TILT BUBBLY - 250 ML,4155,173,165
224,Wine,TILT BUBBLY ROSE,250,(Wine) -  TILT BUBBLY ROSE - 250 ML,4155,173,165
225,Wine,TILT RED,250,(Wine) -  TILT RED - 250 ML,4155,173,165
226,Wine,TILT WHITE,250,(Wine) -  TILT WHITE - 250 ML,4155,173,165
227,Wine,VASCO DA GAMA PORT WINE,750,(Wine) -  VASCO DA GAMA PORT WINE - 750 ML,5239,437,420
228,Wine,ZINZI RED WINE,750,(Wine) -  ZINZI RED WINE - 750 ML,5131,428,411
229,Wine,ZINZI RED WINE,375,(Wine) -  ZINZI RED WINE - 375 ML,5911,246,238
230,Wine,ZINZI WHITE WINE,750,(Wine) -  ZINZI WHITE WINE - 750 ML,5131,428,411
231,Wine,ZINZI WHITE WINE,375,(Wine) -  ZINZI WHITE WINE - 375 ML,5911,246,238
232,Wine,ZIVA RED WINE,750,(Wine) -  ZIVA RED WINE - 750 ML,7755,646,630
233,Wine,ZIVA ROSE WINE,750,(Wine) -  ZIVA ROSE WINE - 750 ML,7755,646,630
234,Wine,ZIVA WHITE WINE,750,(Wine) -  ZIVA WHITE WINE - 750 ML,7755,646,630
235,Wine,ZUM ZIN PEACH WINE,750,(Wine) -  ZUM ZIN PEACH WINE - 750 ML,5475,456,440
236,Wine,ZUM ZIN PEACH WINE,375,(Wine) -  ZUM ZIN PEACH WINE - 375 ML,6195,258,250
237,Beer,ASIA 72 EXTRA STRONG LAGER BEER,650,(Beer) -  ASIA 72 EXTRA STRONG LAGER BEER - 650 ML,1539,128,1541
238,Beer,BIRA 91 BLONDE SUMMER LAGER BEER,650,(Beer) -  BIRA 91 BLONDE SUMMER LAGER BEER - 650 ML,1980,165,1982
239,Beer,BIRA 91 BLONDE SUMMER LAGER BEER,500,(Beer) -  BIRA 91 BLONDE SUMMER LAGER BEER - 500 ML,3236,135,3238
240,Beer,BIRA 91 BLONDE SUMMER LAGER BEER,330,(Beer) -  BIRA 91 BLONDE SUMMER LAGER BEER - 330 ML,2510,105,2512
241,Beer,BIRA 91 GOLD WHEAT STRONG BEER,650,(Beer) -  BIRA 91 GOLD WHEAT STRONG BEER - 650 ML,2134,178,2136
242,Beer,BIRA 91 GOLD WHEAT STRONG BEER,500,(Beer) -  BIRA 91 GOLD WHEAT STRONG BEER - 500 ML,3561,148,3563
243,Beer,BIRA 91 RISE RICE STRONG LAGER BEER,650,(Beer) -  BIRA 91 RISE RICE STRONG LAGER BEER - 650 ML,1983,165,1985
244,Beer,BIRA 91 RISE RICE STRONG LAGER BEER,500,(Beer) -  BIRA 91 RISE RICE STRONG LAGER BEER - 500 ML,3242,135,3244
245,Beer,BIRA 91 SUPER FRESH NATURAL WHITE BEER,500,(Beer) -  BIRA 91 SUPER FRESH NATURAL WHITE BEER - 500 ML,3955,165,3957
246,Beer,BIRA 91 SUPER FRESH NATURAL WHITE BEER,330,(Beer) -  BIRA 91 SUPER FRESH NATURAL WHITE BEER - 330 ML,2880,120,2882
247,Beer,BREEZER PREMIUM CRISP WATERMELON MINT,275,(Beer) -  BREEZER PREMIUM CRISP WATERMELON MINT - 275 ML,2158,90,2160
248,Beer,BREEZER PREMIUM DELICIOUS BLACKBERRY,275,(Beer) -  BREEZER PREMIUM DELICIOUS BLACKBERRY - 275 ML,2314,96,2316
249,Beer,BREEZER PREMIUM EXOTIC JAMAICAN PASSION,275,(Beer) -  BREEZER PREMIUM EXOTIC JAMAICAN PASSION - 275 ML,2158,90,2160
250,Beer,BREEZER PREMIUM TANGY CRANBERRY,275,(Beer) -  BREEZER PREMIUM TANGY CRANBERRY - 275 ML,2158,90,2160
251,Beer,BREEZER PREMIUM TASTY BLUEBERRY,275,(Beer) -  BREEZER PREMIUM TASTY BLUEBERRY - 275 ML,2158,90,2160
252,Beer,BREEZER PREMIUM ZESTY ORANGE,275,(Beer) -  BREEZER PREMIUM ZESTY ORANGE - 275 ML,2158,90,2160
253,Beer,BUDWEISER MAGNUM BEER,650,(Beer) -  BUDWEISER MAGNUM BEER - 650 ML,2019,168,2021
254,Beer,BUDWEISER MAGNUM BEER,500,(Beer) -  BUDWEISER MAGNUM BEER - 500 ML,3335,139,3337
255,Beer,BUDWEISER PREMIUM KING OF BEERS,650,(Beer) -  BUDWEISER PREMIUM KING OF BEERS - 650 ML,1796,150,1798
256,Beer,BUDWEISER PREMIUM KING OF BEERS,500,(Beer) -  BUDWEISER PREMIUM KING OF BEERS - 500 ML,3010,125,3012
257,Beer,BUDWEISER PREMIUM KING OF BEERS,330,(Beer) -  BUDWEISER PREMIUM KING OF BEERS - 330 ML,2406,100,2408
258,Beer,CARLSBERG ELEPHANT STRONG SUPER PREMIUM BEER,650,(Beer) -  CARLSBERG ELEPHANT STRONG SUPER PREMIUM BEER - 650 ML,1797,150,1799
259,Beer,CARLSBERG ELEPHANT STRONG SUPER PREMIUM BEER,500,(Beer) -  CARLSBERG ELEPHANT STRONG SUPER PREMIUM BEER - 500 ML,2878,120,2880
260,Beer,CORONA EXTRA PREMIUM BEER,330,(Beer) -  CORONA EXTRA PREMIUM BEER - 330 ML,2755,115,2757
261,Beer,HAYWARDS 5000 PREMIUM STRONG BEER,650,(Beer) -  HAYWARDS 5000 PREMIUM STRONG BEER - 650 ML,1301,109,1303
262,Beer,HAYWARDS 5000 PREMIUM STRONG BEER,500,(Beer) -  HAYWARDS 5000 PREMIUM STRONG BEER - 500 ML,2137,89,2139
263,Beer,HEINEKEN LAGER BEER,650,(Beer) -  HEINEKEN LAGER BEER - 650 ML,2042,170,2044
264,Beer,HEINEKEN LAGER BEER,500,(Beer) -  HEINEKEN LAGER BEER - 500 ML,3362,140,3364
265,Beer,HEINEKEN LAGER BEER,330,(Beer) -  HEINEKEN LAGER BEER - 330 ML,2169,90,2171
266,Beer,HE-MAN 9000 STRONG BEER,650,(Beer) -  HE-MAN 9000 STRONG BEER - 650 ML,1319,110,1321
267,Beer,HE-MAN 9000 ULTRA SUPER STRONG BEER,500,(Beer) -  HE-MAN 9000 ULTRA SUPER STRONG BEER - 500 ML,2167,90,2169
268,Beer,HOEGAARDEN WITBIER,330,(Beer) -  HOEGAARDEN WITBIER - 330 ML,2959,123,2961
269,Beer,KINGFISHER STORM STRONG BEER,500,(Beer) -  KINGFISHER STORM STRONG BEER - 500 ML,2347,196,2349
270,Beer,KINGFISHER STRONG SUPER PREMIUM BEER,650,(Beer) -  KINGFISHER STRONG SUPER PREMIUM BEER - 650 ML,1438,120,1440
271,Beer,KINGFISHER STRONG SUPER PREMIUM BEER,500,(Beer) -  KINGFISHER STRONG SUPER PREMIUM BEER - 500 ML,2387,100,2389
272,Beer,KINGFISHER SUPER PREMIUM LAGER BEER,650,(Beer) -  KINGFISHER SUPER PREMIUM LAGER BEER - 650 ML,1318,110,1320
273,Beer,KINGFISHER SUPER PREMIUM LAGER BEER,500,(Beer) -  KINGFISHER SUPER PREMIUM LAGER BEER - 500 ML,2176,91,2178
274,Beer,KINGFISHER ULTRA LAGER BEER,650,(Beer) -  KINGFISHER ULTRA LAGER BEER - 650 ML,1678,140,1680
275,Beer,KINGFISHER ULTRA LAGER BEER,330,(Beer) -  KINGFISHER ULTRA LAGER BEER - 330 ML,1919,80,1921
276,Beer,KINGFISHER ULTRA MAX PREMIUM STRONG BEER,650,(Beer) -  KINGFISHER ULTRA MAX PREMIUM STRONG BEER - 650 ML,2038,170,2040
277,Beer,KINGFISHER ULTRA MAX PREMIUM STRONG BEER,500,(Beer) -  KINGFISHER ULTRA MAX PREMIUM STRONG BEER - 500 ML,3358,140,3360
278,Beer,KINGFISHER ULTRA MAX PREMIUM STRONG BEER,330,(Beer) -  KINGFISHER ULTRA MAX PREMIUM STRONG BEER - 330 ML,2157,90,2159
279,Beer,ORIGINAL BIRA 91 BOOM SUPER STRONG BEER,650,(Beer) -  ORIGINAL BIRA 91 BOOM SUPER STRONG BEER - 650 ML,1564,130,1566
280,Beer,ORIGINAL BIRA 91 BOOM SUPER STRONG BEER,500,(Beer) -  ORIGINAL BIRA 91 BOOM SUPER STRONG BEER - 500 ML,2529,105,2531
281,Beer,SIMBA JUNGLE WHEAT,500,(Beer) -  SIMBA JUNGLE WHEAT - 500 ML,2638,110,2640
282,Beer,SIMBA JUNGLE WHEAT,330,(Beer) -  SIMBA JUNGLE WHEAT - 330 ML,2158,90,2160
283,Beer,SIMBA ROAR EDITION EXTRA STRONG PREMIUM BEER,650,(Beer) -  SIMBA ROAR EDITION EXTRA STRONG PREMIUM BEER - 650 ML,1438,120,1440
284,Beer,SIMBA ROAR EDITION EXTRA STRONG PREMIUM BEER,500,(Beer) -  SIMBA ROAR EDITION EXTRA STRONG PREMIUM BEER - 500 ML,2397,100,2399
285,Beer,SIMBA ROAR SERIES LIGHT PREMIUM LAGER BEER,500,(Beer) -  SIMBA ROAR SERIES LIGHT PREMIUM LAGER BEER - 500 ML,2397,100,2399
286,Beer,SIMBA ROAR SERIES LIGHT PREMIUM LAGER BEER,330,(Beer) -  SIMBA ROAR SERIES LIGHT PREMIUM LAGER BEER - 330 ML,1927,80,1929
287,Beer,STOK STRONG BEER,500,(Beer) -  STOK STRONG BEER - 500 ML,2330,97,2332
288,Beer,TUBORG MILD 4G GOLD BEER,650,(Beer) -  TUBORG MILD 4G GOLD BEER - 650 ML,1317,110,1319
289,Beer,TUBORG PREMIUM 1880 GOLD BEER STRONG,500,(Beer) -  TUBORG PREMIUM 1880 GOLD BEER STRONG - 500 ML,2637,110,2639
290,Beer,TUBORG STRONG BEER,650,(Beer) -  TUBORG STRONG BEER - 650 ML,1436,120,1438
291,B.I.O.,9 LIVES CABERNET SAUVIGNON WINE,750,(B.I.O.) -  9 LIVES CABERNET SAUVIGNON WINE - 750 ML,35953,2996,2980
292,B.I.O.,9 LIVES RIESLING WINE,750,(B.I.O.) -  9 LIVES RIESLING WINE - 750 ML,18115,3019,2987
293,B.I.O.,ABSOLUT VODKA,750,(B.I.O.) -  ABSOLUT VODKA - 750 ML,20922,1744,1727
294,B.I.O.,ABSOLUT VODKA LIME,750,(B.I.O.) -  ABSOLUT VODKA LIME - 750 ML,22395,1866,1850
295,B.I.O.,AG FORTY SEVEN CHARDONNAY,750,(B.I.O.) -  AG FORTY SEVEN CHARDONNAY - 750 ML,18917,1576,1560
296,B.I.O.,AG FORTY SEVEN MALBEC SHIRAZ,750,(B.I.O.) -  AG FORTY SEVEN MALBEC SHIRAZ - 750 ML,18917,1576,1560
297,B.I.O.,ARAUCO MERLOT RED WINE,750,(B.I.O.) -  ARAUCO MERLOT RED WINE - 750 ML,19277,1606,1590
298,B.I.O.,ARAUCO SAUVIGNON BLANC WHITE WINE,750,(B.I.O.) -  ARAUCO SAUVIGNON BLANC WHITE WINE - 750 ML,19277,1606,1590
299,B.I.O.,ARDBEG THE ULTIMATE ISLAY SINGLE MALT SCOTCH WHISKY,700,(B.I.O.) -  ARDBEG THE ULTIMATE ISLAY SINGLE MALT SCOTCH WHISKY - 700 ML,54034,9006,8973
300,B.I.O.,ASHANTI SPICED GINGER & JAMAICA FLOWER RUM,700,(B.I.O.) -  ASHANTI SPICED GINGER & JAMAICA FLOWER RUM - 700 ML,25692,4282,4250
301,B.I.O.,BACARDI RESERVA OCHO,750,(B.I.O.) -  BACARDI RESERVA OCHO - 750 ML,43880,3657,3640
302,B.I.O.,BALLANTINES FINEST BLENDED SCOTCH WHISKY,750,(B.I.O.) -  BALLANTINES FINEST BLENDED SCOTCH WHISKY - 750 ML,20922,1744,1727
303,B.I.O.,BALLANTINES FINEST BLENDED SCOTCH WHISKY,200,(B.I.O.) -  BALLANTINES FINEST BLENDED SCOTCH WHISKY - 200 ML,13395,558,550
304,B.I.O.,BARDINET VSOP FINEST BRANDY,1000,(B.I.O.) -  BARDINET VSOP FINEST BRANDY - 1000 ML,33795,2816,2800
305,B.I.O.,BELENKAYA VODKA GOLD,700,(B.I.O.) -  BELENKAYA VODKA GOLD - 700 ML,10397,1733,1700
306,B.I.O.,BELVEDRE VODKA,700,(B.I.O.) -  BELVEDRE VODKA - 700 ML,32659,5443,5411
307,B.I.O.,BLACK TEARS DRY SPICED RUM,700,(B.I.O.) -  BLACK TEARS DRY SPICED RUM - 700 ML,47595,3966,3950
308,B.I.O.,BOMBAY SAPPHIRE DISTILLED LONDON DRY GIN,750,(B.I.O.) -  BOMBAY SAPPHIRE DISTILLED LONDON DRY GIN - 750 ML,28999,2417,2400
309,B.I.O.,BOWMORE ISLAY SINGLE MALT SCOTCH WHISKY AGED 12 YEARS,700,(B.I.O.) -  BOWMORE ISLAY SINGLE MALT SCOTCH WHISKY AGED 12 YEARS - 700 ML,36375,6062,6030
310,B.I.O.,BRUICHLADDICH ISLAY SINGLE MALT SCOTCH WHISKY,700,(B.I.O.) -  BRUICHLADDICH ISLAY SINGLE MALT SCOTCH WHISKY - 700 ML,72163,12027,11995
311,B.I.O.,BULLDOG LONDON DRY GIN,750,(B.I.O.) -  BULLDOG LONDON DRY GIN - 750 ML,16795,2799,2767
312,B.I.O.,BUSHMILLS THE ORIGINAL IRISH WHISKEY,700,(B.I.O.) -  BUSHMILLS THE ORIGINAL IRISH WHISKEY - 700 ML,15013,2502,2470
313,B.I.O.,CAMINO REAL BLANCO TEQUILA,750,(B.I.O.) -  CAMINO REAL BLANCO TEQUILA - 750 ML,28995,2416,2400
314,B.I.O.,CAMINO REAL TEQUILA GOLD,750,(B.I.O.) -  CAMINO REAL TEQUILA GOLD - 750 ML,28995,2416,2400
315,B.I.O.,CARLO ROSSI CALIFORNIA RED WINE,750,(B.I.O.) -  CARLO ROSSI CALIFORNIA RED WINE - 750 ML,20835,1736,1720
316,B.I.O.,CARLO ROSSI CALIFORNIA WHITE WINE,750,(B.I.O.) -  CARLO ROSSI CALIFORNIA WHITE WINE - 750 ML,20835,1736,1720
317,B.I.O.,CASA EL UNICO TEMPRANILLO,750,(B.I.O.) -  CASA EL UNICO TEMPRANILLO - 750 ML,22758,1897,1880
318,B.I.O.,CAVICCHIOLI LAMBRUSCO,750,(B.I.O.) -  CAVICCHIOLI LAMBRUSCO - 750 ML,19395,1616,1600
319,B.I.O.,CHIVAS REGAL AGED 12 YEARS BLENDED SCOTCH WHISKY,750,(B.I.O.) -  CHIVAS REGAL AGED 12 YEARS BLENDED SCOTCH WHISKY - 750 ML,46228,3852,3836
320,B.I.O.,CHIVAS REGAL AGED 12 YEARS BLENDED SCOTCH WHISKY,200,(B.I.O.) -  CHIVAS REGAL AGED 12 YEARS BLENDED SCOTCH WHISKY - 200 ML,26595,1108,1100
321,B.I.O.,CHIVAS REGAL AGED 18 YEARS BLENDED SCOTCH WHISKY,750,(B.I.O.) -  CHIVAS REGAL AGED 18 YEARS BLENDED SCOTCH WHISKY - 750 ML,50016,8336,8304
322,B.I.O.,CLOUDY BAY PINOT NOIR WINE,750,(B.I.O.) -  CLOUDY BAY PINOT NOIR WINE - 750 ML,43699,7283,7251
323,B.I.O.,COOPERS ORIGINAL PALE ALE BEER,375,(B.I.O.) -  COOPERS ORIGINAL PALE ALE BEER - 375 ML,9860,411,403
324,B.I.O.,DEWAR'S BLENDED SCOTCH WHISKY AGED 12 YEARS,750,(B.I.O.) -  DEWAR'S BLENDED SCOTCH WHISKY AGED 12 YEARS - 750 ML,43869,3656,3640
325,B.I.O.,DEWAR'S TRUE SCOTCH AGED 15 YEARS BLENDED SCOTCH WHISKY,750,(B.I.O.) -  DEWAR'S TRUE SCOTCH AGED 15 YEARS BLENDED SCOTCH WHISKY - 750 ML,51794,4316,4300
326,B.I.O.,DOS FLAMOS TEQUILA BLANCO,750,(B.I.O.) -  DOS FLAMOS TEQUILA BLANCO - 750 ML,40863,3405,3389
327,B.I.O.,FANTINI CERASUOLO D'ABRUZZO ROSE WINE,750,(B.I.O.) -  FANTINI CERASUOLO D'ABRUZZO ROSE WINE - 750 ML,35598,2966,2950
328,B.I.O.,FANTINI MONTEPULCIANO D'ABRUZZO WINE,750,(B.I.O.) -  FANTINI MONTEPULCIANO D'ABRUZZO WINE - 750 ML,31397,2616,2600
329,B.I.O.,FANTINI PINOT GRIGIO WINE,750,(B.I.O.) -  FANTINI PINOT GRIGIO WINE - 750 ML,31397,2616,2600
330,B.I.O.,FREIXENET CORDON NEGRO BRUT,750,(B.I.O.) -  FREIXENET CORDON NEGRO BRUT - 750 ML,32522,2710,2694
331,B.I.O.,FRONTERA SHIRAZ,750,(B.I.O.) -  FRONTERA SHIRAZ - 750 ML,22660,1888,1872
332,B.I.O.,GLENFIDDICH SINGLE MALT SCOTCH WHISKY OUR ORIGINAL TWELVE,700,(B.I.O.) -  GLENFIDDICH SINGLE MALT SCOTCH WHISKY OUR ORIGINAL TWELVE - 700 ML,68119,5677,5660
333,B.I.O.,GLENFIDDICH SINGLE MALT SCOTCH WHISKY OUR SMALL BATCH EIGHTEEN,700,(B.I.O.) -  GLENFIDDICH SINGLE MALT SCOTCH WHISKY OUR SMALL BATCH EIGHTEEN - 700 ML,172819,14402,14385
334,B.I.O.,GLENFIDDICH SINGLE MALT SCOTCH WHISKY OUR SOLERA FIFTEEN,700,(B.I.O.) -  GLENFIDDICH SINGLE MALT SCOTCH WHISKY OUR SOLERA FIFTEEN - 700 ML,99497,8291,8275
335,B.I.O.,GLENMORANGIE THE ORIGINAL HIGHLAND SINGLE MALT SCOTCH WHISKY AGED 10 YEARS,750,(B.I.O.) -  GLENMORANGIE THE ORIGINAL HIGHLAND SINGLE MALT SCOTCH WHISKY AGED 10 YEARS - 750 ML,34806,5801,5768
336,B.I.O.,"GLENMORANGIE THE QUINTA RUBAN HIGHLAND SINGLE MALT SCOTCH WHISKY, AGED 14 YEARS",750,"(B.I.O.) -  GLENMORANGIE THE QUINTA RUBAN HIGHLAND SINGLE MALT SCOTCH WHISKY, AGED 14 YEARS - 750 ML",60455,10076,10043
337,B.I.O.,GRANTS TRIPLE WOOD BLENDED SCOTCH WHISKY,750,(B.I.O.) -  GRANTS TRIPLE WOOD BLENDED SCOTCH WHISKY - 750 ML,21070,1756,1740
338,B.I.O.,GREY GOOSE VODKA,750,(B.I.O.) -  GREY GOOSE VODKA - 750 ML,28996,4833,4800
339,B.I.O.,HARDYS STAMP OF AUSTRALIA CABERNET MERLOT RED WINE,750,(B.I.O.) -  HARDYS STAMP OF AUSTRALIA CABERNET MERLOT RED WINE - 750 ML,20229,1686,1669
340,B.I.O.,HARDYS STAMP OF AUSTRALIA CHARDONNAY SEMILLON WHITE WINE,750,(B.I.O.) -  HARDYS STAMP OF AUSTRALIA CHARDONNAY SEMILLON WHITE WINE - 750 ML,20229,1686,1669
341,B.I.O.,HAYMANS LONDON DRY GIN,700,(B.I.O.) -  HAYMANS LONDON DRY GIN - 700 ML,27797,4633,4600
342,B.I.O.,HAYMANS PEACH & ROSE CUP LIQUEUR,700,(B.I.O.) -  HAYMANS PEACH & ROSE CUP LIQUEUR - 700 ML,34999,5833,5801
343,B.I.O.,HENNESSY VERY SPECIAL COGNAC,700,(B.I.O.) -  HENNESSY VERY SPECIAL COGNAC - 700 ML,93321,7777,7761
344,B.I.O.,HENNESSY V.S.O.P. PRIVILEGE COGNAC,700,(B.I.O.) -  HENNESSY V.S.O.P. PRIVILEGE COGNAC - 700 ML,161674,13473,13457
345,B.I.O.,JACK DANIELS GENTLEMAN JACK TENNESSEE WHISKEY,750,(B.I.O.) -  JACK DANIELS GENTLEMAN JACK TENNESSEE WHISKEY - 750 ML,60076,5006,4990
346,B.I.O.,JACK DANIELS OLD NO.7 TENNESSEE WHISKEY,750,(B.I.O.) -  JACK DANIELS OLD NO.7 TENNESSEE WHISKEY - 750 ML,42559,3547,3530
347,B.I.O.,JACK DANIEL'S TENNESSE APPLE LIQUEUR,750,(B.I.O.) -  JACK DANIEL'S TENNESSE APPLE LIQUEUR - 750 ML,42559,3547,3530
348,B.I.O.,JACK DANIELS TENNESSEE FIRE CINNAMON LIQUEUR,750,(B.I.O.) -  JACK DANIELS TENNESSEE FIRE CINNAMON LIQUEUR - 750 ML,42559,3547,3530
349,B.I.O.,JACK DANIELS TENNESSEE HONEY LIQUEUR,750,(B.I.O.) -  JACK DANIELS TENNESSEE HONEY LIQUEUR - 750 ML,42559,3547,3530
350,B.I.O.,JACOBS CREEK CLASSIC CHARDONNAY WINE,750,(B.I.O.) -  JACOBS CREEK CLASSIC CHARDONNAY WINE - 750 ML,18338,1528,1512
351,B.I.O.,JACOBS CREEK CLASSIC SHIRAZ CABERNET WINE,750,(B.I.O.) -  JACOBS CREEK CLASSIC SHIRAZ CABERNET WINE - 750 ML,18338,1528,1512
352,B.I.O.,JAGERMEISTER HERBAL LIQUEUR,750,(B.I.O.) -  JAGERMEISTER HERBAL LIQUEUR - 750 ML,41130,3428,3411
353,B.I.O.,JAMES ALEXANDER BLENDED SCOTCH WHISKY,750,(B.I.O.) -  JAMES ALEXANDER BLENDED SCOTCH WHISKY - 750 ML,18890,1574,1558
354,B.I.O.,JAMESON TRIPLE DISTILLED IRISH WHISKEY,750,(B.I.O.) -  JAMESON TRIPLE DISTILLED IRISH WHISKEY - 750 ML,26857,2238,2222
355,B.I.O.,JIM BEAM BLACK EXTRA AGED BOURBON WHISKEY,750,(B.I.O.) -  JIM BEAM BLACK EXTRA AGED BOURBON WHISKEY - 750 ML,44479,3707,3690
356,B.I.O.,JOSE CUERVO ESPECIAL REPOSADO TEQUILA,750,(B.I.O.) -  JOSE CUERVO ESPECIAL REPOSADO TEQUILA - 750 ML,44597,3716,3700
357,B.I.O.,JOSE CUERVO ESPECIAL SILVE TEQUILA,750,(B.I.O.) -  JOSE CUERVO ESPECIAL SILVE TEQUILA - 750 ML,44596,3716,3700
358,B.I.O.,JP CHENET CHARDONNAY WHITE WINE,750,(B.I.O.) -  JP CHENET CHARDONNAY WHITE WINE - 750 ML,20596,1716,1700
359,B.I.O.,JP CHENET MERLOT RED WINE,750,(B.I.O.) -  JP CHENET MERLOT RED WINE - 750 ML,20596,1716,1700
360,B.I.O.,JURA SINGLE MALT SCOTCH WHISKY AGED 10 YEARS,700,(B.I.O.) -  JURA SINGLE MALT SCOTCH WHISKY AGED 10 YEARS - 700 ML,73509,6126,6109
361,B.I.O.,LA CHICA TEQUILA BLANCO,700,(B.I.O.) -  LA CHICA TEQUILA BLANCO - 700 ML,26355,2196,2180
362,B.I.O.,LANGLEYS OLD TOM GIN,700,(B.I.O.) -  LANGLEYS OLD TOM GIN - 700 ML,17292,2882,2850
363,B.I.O.,LAPHROAIG ISLAY SINGLE MALT SCOTCH WHISKY SELECT,750,(B.I.O.) -  LAPHROAIG ISLAY SINGLE MALT SCOTCH WHISKY SELECT - 750 ML,36133,6022,5990
364,B.I.O.,LE GRAND NOIR CABERNET SAUVIGNON,750,(B.I.O.) -  LE GRAND NOIR CABERNET SAUVIGNON - 750 ML,34397,2866,2850
365,B.I.O.,LE GRAND NOIR MALBEC RED WINE,750,(B.I.O.) -  LE GRAND NOIR MALBEC RED WINE - 750 ML,34397,2866,2850
366,B.I.O.,LE GRAND NOIR ROSE WINE,750,(B.I.O.) -  LE GRAND NOIR ROSE WINE - 750 ML,35597,2966,2950
367,B.I.O.,LE GRAND NOIR CHARDONNAY WHITE WINE,750,(B.I.O.) -  LE GRAND NOIR CHARDONNAY WHITE WINE - 750 ML,21794,1816,1800
368,B.I.O.,LE GRAND NOIR PINOT NOIR RED WINE,750,(B.I.O.) -  LE GRAND NOIR PINOT NOIR RED WINE - 750 ML,21794,1816,1800
369,B.I.O.,LUCIFER'S GOLD A BLEND OF BOURBON & SCOTCH WHISKY,700,(B.I.O.) -  LUCIFER'S GOLD A BLEND OF BOURBON & SCOTCH WHISKY - 700 ML,11296,1883,1850
370,B.I.O.,MATEUS THE ORIGINAL ROSE WINE,750,(B.I.O.) -  MATEUS THE ORIGINAL ROSE WINE - 750 ML,24893,2074,2058
371,B.I.O.,MOET AND CHANDON ROSE IMPERIAL CHAMPAGNE BRUT,750,(B.I.O.) -  MOET AND CHANDON ROSE IMPERIAL CHAMPAGNE BRUT - 750 ML,82785,13797,13765
372,B.I.O.,MONKEY SHOULDER THE ORIGINAL BLENDED MALT SCOTCH WHISKY,700,(B.I.O.) -  MONKEY SHOULDER THE ORIGINAL BLENDED MALT SCOTCH WHISKY - 700 ML,26578,4430,4397
373,B.I.O.,MONKEY 47 SCHWARZWALD DRY GIN,500,(B.I.O.) -  MONKEY 47 SCHWARZWALD DRY GIN - 500 ML,29596,4933,4900
374,B.I.O.,MONTE PACIFICO MERLOT,750,(B.I.O.) -  MONTE PACIFICO MERLOT - 750 ML,25576,2131,2115
375,B.I.O.,MONTE PACIFICO CHARDONNAY,750,(B.I.O.) -  MONTE PACIFICO CHARDONNAY - 750 ML,25576,2131,2115
376,B.I.O.,NAPOLEON PURE GRAPE BRANDY V.S.O.P.,750,(B.I.O.) -  NAPOLEON PURE GRAPE BRANDY V.S.O.P. - 750 ML,28022,2335,2319
377,B.I.O.,OUTBACK JACK CABERNET MERLOT,750,(B.I.O.) -  OUTBACK JACK CABERNET MERLOT - 750 ML,15798,1317,1300
378,B.I.O.,PEDRERA BLANCO WHITE WINE,750,(B.I.O.) -  PEDRERA BLANCO WHITE WINE - 750 ML,16067,1339,1323
379,B.I.O.,PEDRERA MONASTREL RED WINE,750,(B.I.O.) -  PEDRERA MONASTREL RED WINE - 750 ML,16067,1339,1323
380,B.I.O.,PEDRERA ROSADO ROSE WINE,750,(B.I.O.) -  PEDRERA ROSADO ROSE WINE - 750 ML,16067,1339,1323
381,B.I.O.,PREMIUS BORDEAUX ROUGE WINE,750,(B.I.O.) -  PREMIUS BORDEAUX ROUGE WINE - 750 ML,33609,2801,2785
382,B.I.O.,PREMIUS BORDEAUX SAUVIGNON WINE,750,(B.I.O.) -  PREMIUS BORDEAUX SAUVIGNON WINE - 750 ML,31994,2666,2650
383,B.I.O.,RIUNITE LAMBRUSCO EMILIA SWEET RED WINE,750,(B.I.O.) -  RIUNITE LAMBRUSCO EMILIA SWEET RED WINE - 750 ML,21576,1798,1782
384,B.I.O.,ROKU GIN,700,(B.I.O.) -  ROKU GIN - 700 ML,32893,5482,5450
385,B.I.O.,ROYAL SALUTE 21 YEARS OLD BLENDED SCOTCH WHISKY,700,(B.I.O.) -  ROYAL SALUTE 21 YEARS OLD BLENDED SCOTCH WHISKY - 700 ML,113282,18880,18848
386,B.I.O.,RUSSIAN STANDARD VODKA,750,(B.I.O.) -  RUSSIAN STANDARD VODKA - 750 ML,28396,2366,2350
387,B.I.O.,SANGRE DE TORO ORIGINAL RED WINE,750,(B.I.O.) -  SANGRE DE TORO ORIGINAL RED WINE - 750 ML,34397,2866,2850
388,B.I.O.,SCHWARTZHOG KRAUTER LIQUEUR,750,(B.I.O.) -  SCHWARTZHOG KRAUTER LIQUEUR - 750 ML,15496,2583,2550
389,B.I.O.,SIERRA TEQUILA REPOSADO,700,(B.I.O.) -  SIERRA TEQUILA REPOSADO - 700 ML,19695,3283,3250
390,B.I.O.,SIERRA TEQUILA SILVER,700,(B.I.O.) -  SIERRA TEQUILA SILVER - 700 ML,19695,3283,3250
391,B.I.O.,ST-REMY XO FRENCH BRANDY,700,(B.I.O.) -  ST-REMY XO FRENCH BRANDY - 700 ML,44001,3667,3650
392,B.I.O.,TENJAKU BLENDED WHISKY,700,(B.I.O.) -  TENJAKU BLENDED WHISKY - 700 ML,44654,3721,3705
393,B.I.O.,TENJAKU CRAFT GIN,700,(B.I.O.) -  TENJAKU CRAFT GIN - 700 ML,24735,4123,4090
394,B.I.O.,THE ARDMORE HIGHLAND SINGLE MALT SCOTCH WHISKY,700,(B.I.O.) -  THE ARDMORE HIGHLAND SINGLE MALT SCOTCH WHISKY - 700 ML,25366,4228,4195
395,B.I.O.,THE BUSH RUM ORIGINAL SPICED,700,(B.I.O.) -  THE BUSH RUM ORIGINAL SPICED - 700 ML,34999,5833,5801
396,B.I.O.,THE GLEN GRANT SINGLE MALT SCOTCH WHISKY AGED 10 YEARS,750,(B.I.O.) -  THE GLEN GRANT SINGLE MALT SCOTCH WHISKY AGED 10 YEARS - 750 ML,29419,4903,4871
397,B.I.O.,THE GLEN GRANT SINGLE MALT SCOTCH WHISKY AGED 12 YEARS,750,(B.I.O.) -  THE GLEN GRANT SINGLE MALT SCOTCH WHISKY AGED 12 YEARS - 750 ML,33800,5633,5601
398,B.I.O.,THE GLENLIVET 12 YEARS SINGLE MALT SCOTCH WHISKY,700,(B.I.O.) -  THE GLENLIVET 12 YEARS SINGLE MALT SCOTCH WHISKY - 700 ML,32595,5433,5400
399,B.I.O.,THE KING LUIS XIII BRANDY,700,(B.I.O.) -  THE KING LUIS XIII BRANDY - 700 ML,1680198,560066,560001
400,B.I.O.,THE SEXTON SINGLE MALT IRISH WHISKEY,700,(B.I.O.) -  THE SEXTON SINGLE MALT IRISH WHISKEY - 700 ML,45796,7633,7600
401,B.I.O.,TOKI SUNTORY WHISKY,700,(B.I.O.) -  TOKI SUNTORY WHISKY - 700 ML,29353,4892,4860
402,B.I.O.,TRES PICOS GANARCHA RED WINE,750,(B.I.O.) -  TRES PICOS GANARCHA RED WINE - 750 ML,37996,3166,3150
403,B.I.O.,VILLA SANDI PROSECCO SPARKLING WHITE WINE BRUT,750,(B.I.O.) -  VILLA SANDI PROSECCO SPARKLING WHITE WINE BRUT - 750 ML,16096,2683,2650
404,B.I.O.,VINASOL ORIGINAL WHITE WINE,750,(B.I.O.) -  VINASOL ORIGINAL WHITE WINE - 750 ML,42197,3516,3500
405,B.I.O.,VIVA EL RON DE CUBAN WHITE RUM,700,(B.I.O.) -  VIVA EL RON DE CUBAN WHITE RUM - 700 ML,21922,1827,1811
406,B.I.O.,WILD TURKEY KENTUCKY STRAIGHT BOURBON WHISKEY,750,(B.I.O.) -  WILD TURKEY KENTUCKY STRAIGHT BOURBON WHISKEY - 750 ML,34090,2841,2825
407,B.I.O.,X-RATED FUSION LIQUEUR,750,(B.I.O.) -  X-RATED FUSION LIQUEUR - 750 ML,11705,1951,1918